timestamp,iv
2026-02-27 12:00:00+00:00,0.5331
2026-02-27 13:00:00+00:00,0.5271
2026-02-27 14:00:00+00:00,0.5268
2026-02-27 15:00:00+00:00,0.5223
2026-02-27 16:00:00+00:00,0.5304
2026-02-27 17:00:00+00:00,0.5317000000000001
2026-02-27 18:00:00+00:00,0.5326
2026-02-27 19:00:00+00:00,0.5314
2026-02-27 20:00:00+00:00,0.5283
2026-02-27 21:00:00+00:00,0.5283
2026-02-27 22:00:00+00:00,0.5271
2026-02-27 23:00:00+00:00,0.5255
2026-02-28 00:00:00+00:00,0.5236
2026-02-28 01:00:00+00:00,0.5226
2026-02-28 02:00:00+00:00,0.522
2026-02-28 03:00:00+00:00,0.5238
2026-02-28 04:00:00+00:00,0.5236
2026-02-28 05:00:00+00:00,0.522
2026-02-28 06:00:00+00:00,0.5914
2026-02-28 07:00:00+00:00,0.5772999999999999
2026-02-28 08:00:00+00:00,0.5903
2026-02-28 09:00:00+00:00,0.5854
2026-02-28 10:00:00+00:00,0.5843
2026-02-28 11:00:00+00:00,0.5869
2026-02-28 12:00:00+00:00,0.5875
2026-02-28 13:00:00+00:00,0.5555
2026-02-28 14:00:00+00:00,0.5538000000000001
2026-02-28 15:00:00+00:00,0.5532
2026-02-28 16:00:00+00:00,0.5524
2026-02-28 17:00:00+00:00,0.5549000000000001
2026-02-28 18:00:00+00:00,0.5539000000000001
2026-02-28 19:00:00+00:00,0.5521
2026-02-28 20:00:00+00:00,0.5473
2026-02-28 21:00:00+00:00,0.5502
2026-02-28 22:00:00+00:00,0.5537
2026-02-28 23:00:00+00:00,0.5521
2026-03-01 00:00:00+00:00,0.5517
2026-03-01 01:00:00+00:00,0.5493
2026-03-01 02:00:00+00:00,0.5453
2026-03-01 03:00:00+00:00,0.5444
2026-03-01 04:00:00+00:00,0.5458
2026-03-01 05:00:00+00:00,0.5452
2026-03-01 06:00:00+00:00,0.5467
2026-03-01 07:00:00+00:00,0.5444
2026-03-01 08:00:00+00:00,0.5495
2026-03-01 09:00:00+00:00,0.5507
2026-03-01 10:00:00+00:00,0.5484
2026-03-01 11:00:00+00:00,0.5478999999999999
2026-03-01 12:00:00+00:00,0.5494
2026-03-01 13:00:00+00:00,0.5477000000000001
2026-03-01 14:00:00+00:00,0.547
2026-03-01 15:00:00+00:00,0.5475
2026-03-01 16:00:00+00:00,0.5504
2026-03-01 17:00:00+00:00,0.5557
2026-03-01 18:00:00+00:00,0.5528
2026-03-01 19:00:00+00:00,0.5566
2026-03-01 20:00:00+00:00,0.5603
2026-03-01 21:00:00+00:00,0.5571
2026-03-01 22:00:00+00:00,0.5562
2026-03-01 23:00:00+00:00,0.5507
2026-03-02 00:00:00+00:00,0.5477000000000001
2026-03-02 01:00:00+00:00,0.5477000000000001
2026-03-02 02:00:00+00:00,0.5488000000000001
2026-03-02 03:00:00+00:00,0.5481
2026-03-02 04:00:00+00:00,0.5489999999999999
2026-03-02 05:00:00+00:00,0.5485
2026-03-02 06:00:00+00:00,0.5489
2026-03-02 07:00:00+00:00,0.5595
2026-03-02 08:00:00+00:00,0.5539999999999999
2026-03-02 09:00:00+00:00,0.5529
2026-03-02 10:00:00+00:00,0.5536
2026-03-02 11:00:00+00:00,0.5527000000000001
2026-03-02 12:00:00+00:00,0.5555
2026-03-02 13:00:00+00:00,0.5549000000000001
2026-03-02 14:00:00+00:00,0.5428000000000001
2026-03-02 15:00:00+00:00,0.5323
2026-03-02 16:00:00+00:00,0.5313
2026-03-02 17:00:00+00:00,0.5312
2026-03-02 18:00:00+00:00,0.5305
2026-03-02 19:00:00+00:00,0.5277000000000001
2026-03-02 20:00:00+00:00,0.5293
2026-03-02 21:00:00+00:00,0.5289
2026-03-02 22:00:00+00:00,0.5302
2026-03-02 23:00:00+00:00,0.5338
2026-03-03 00:00:00+00:00,0.5316
2026-03-03 01:00:00+00:00,0.5334
2026-03-03 02:00:00+00:00,0.5342
2026-03-03 03:00:00+00:00,0.5353
2026-03-03 04:00:00+00:00,0.5395
2026-03-03 05:00:00+00:00,0.5483
2026-03-03 06:00:00+00:00,0.5379
2026-03-03 07:00:00+00:00,0.5418
2026-03-03 08:00:00+00:00,0.5582
2026-03-03 09:00:00+00:00,0.5621
2026-03-03 10:00:00+00:00,0.5611999999999999
2026-03-03 11:00:00+00:00,0.5607
2026-03-03 12:00:00+00:00,0.5584
2026-03-03 13:00:00+00:00,0.5572
2026-03-03 14:00:00+00:00,0.5606
2026-03-03 15:00:00+00:00,0.5609000000000001
2026-03-03 16:00:00+00:00,0.5526
2026-03-03 17:00:00+00:00,0.5489999999999999
2026-03-03 18:00:00+00:00,0.5474
2026-03-03 19:00:00+00:00,0.5485
2026-03-03 20:00:00+00:00,0.5564
2026-03-03 21:00:00+00:00,0.5631
2026-03-03 22:00:00+00:00,0.555
2026-03-03 23:00:00+00:00,0.5540999999999999
2026-03-04 00:00:00+00:00,0.5579999999999999
2026-03-04 01:00:00+00:00,0.5497
2026-03-04 02:00:00+00:00,0.5490999999999999
2026-03-04 03:00:00+00:00,0.5647
2026-03-04 04:00:00+00:00,0.5614
2026-03-04 05:00:00+00:00,0.5512
2026-03-04 06:00:00+00:00,0.5519
2026-03-04 07:00:00+00:00,0.5544
2026-03-04 08:00:00+00:00,0.5527000000000001
2026-03-04 09:00:00+00:00,0.5547
2026-03-04 10:00:00+00:00,0.55
2026-03-04 11:00:00+00:00,0.5554
2026-03-04 12:00:00+00:00,0.5539999999999999
2026-03-04 13:00:00+00:00,0.5472
2026-03-04 14:00:00+00:00,0.5467
2026-03-04 15:00:00+00:00,0.5424
2026-03-04 16:00:00+00:00,0.5401
2026-03-04 17:00:00+00:00,0.5495
2026-03-04 18:00:00+00:00,0.5466
2026-03-04 19:00:00+00:00,0.5453
2026-03-04 20:00:00+00:00,0.5486
2026-03-04 21:00:00+00:00,0.5482
2026-03-04 22:00:00+00:00,0.5521
2026-03-04 23:00:00+00:00,0.555
2026-03-05 00:00:00+00:00,0.5543
2026-03-05 01:00:00+00:00,0.5527000000000001
2026-03-05 02:00:00+00:00,0.5518
2026-03-05 03:00:00+00:00,0.5501
2026-03-05 04:00:00+00:00,0.5485
2026-03-05 05:00:00+00:00,0.5471
2026-03-05 06:00:00+00:00,0.5457
2026-03-05 07:00:00+00:00,0.5485
2026-03-05 08:00:00+00:00,0.5403
2026-03-05 09:00:00+00:00,0.5398
2026-03-05 10:00:00+00:00,0.542
2026-03-05 11:00:00+00:00,0.5443
2026-03-05 12:00:00+00:00,0.5459
2026-03-05 13:00:00+00:00,0.5488000000000001
2026-03-05 14:00:00+00:00,0.5478999999999999
2026-03-05 15:00:00+00:00,0.5514
2026-03-05 16:00:00+00:00,0.5531
2026-03-05 17:00:00+00:00,0.5515
2026-03-05 18:00:00+00:00,0.5539999999999999
2026-03-05 19:00:00+00:00,0.552
2026-03-05 20:00:00+00:00,0.5489999999999999
2026-03-05 21:00:00+00:00,0.5485
2026-03-05 22:00:00+00:00,0.5476
2026-03-05 23:00:00+00:00,0.5471
2026-03-06 00:00:00+00:00,0.5456
2026-03-06 01:00:00+00:00,0.5434
2026-03-06 02:00:00+00:00,0.5446
2026-03-06 03:00:00+00:00,0.5444
2026-03-06 04:00:00+00:00,0.5468999999999999
2026-03-06 05:00:00+00:00,0.55
2026-03-06 06:00:00+00:00,0.5476
2026-03-06 07:00:00+00:00,0.544
2026-03-06 08:00:00+00:00,0.5363
2026-03-06 09:00:00+00:00,0.5379999999999999
2026-03-06 10:00:00+00:00,0.537
2026-03-06 11:00:00+00:00,0.542
2026-03-06 12:00:00+00:00,0.5428000000000001
2026-03-06 13:00:00+00:00,0.5445
2026-03-06 14:00:00+00:00,0.556
2026-03-06 15:00:00+00:00,0.5487
2026-03-06 16:00:00+00:00,0.5474
2026-03-06 17:00:00+00:00,0.5542
2026-03-06 18:00:00+00:00,0.5504
2026-03-06 19:00:00+00:00,0.5503
2026-03-06 20:00:00+00:00,0.5522
2026-03-06 21:00:00+00:00,0.5534
2026-03-06 22:00:00+00:00,0.5531
2026-03-06 23:00:00+00:00,0.5552
2026-03-07 00:00:00+00:00,0.5546
2026-03-07 01:00:00+00:00,0.5529999999999999
2026-03-07 02:00:00+00:00,0.551
2026-03-07 03:00:00+00:00,0.5539999999999999
2026-03-07 04:00:00+00:00,0.5544
2026-03-07 05:00:00+00:00,0.5546
2026-03-07 06:00:00+00:00,0.5563
2026-03-07 07:00:00+00:00,0.5540999999999999
2026-03-07 08:00:00+00:00,0.5540999999999999
2026-03-07 09:00:00+00:00,0.5519
2026-03-07 10:00:00+00:00,0.5528
2026-03-07 11:00:00+00:00,0.5523
2026-03-07 12:00:00+00:00,0.5523
2026-03-07 13:00:00+00:00,0.5526
2026-03-07 14:00:00+00:00,0.5543
2026-03-07 15:00:00+00:00,0.5546
2026-03-07 16:00:00+00:00,0.5589
2026-03-07 17:00:00+00:00,0.5586
2026-03-07 18:00:00+00:00,0.5602
2026-03-07 19:00:00+00:00,0.5852
2026-03-07 20:00:00+00:00,0.5865
2026-03-07 21:00:00+00:00,0.5864
2026-03-07 22:00:00+00:00,0.5871999999999999
2026-03-07 23:00:00+00:00,0.5863
2026-03-08 00:00:00+00:00,0.5852
2026-03-08 01:00:00+00:00,0.5855
2026-03-08 02:00:00+00:00,0.5964
2026-03-08 03:00:00+00:00,0.5972
2026-03-08 04:00:00+00:00,0.5999
2026-03-08 05:00:00+00:00,0.5913
2026-03-08 06:00:00+00:00,0.59
2026-03-08 07:00:00+00:00,0.591
2026-03-08 08:00:00+00:00,0.5885
2026-03-08 09:00:00+00:00,0.5881000000000001
2026-03-08 10:00:00+00:00,0.5737
2026-03-08 11:00:00+00:00,0.5934
2026-03-08 12:00:00+00:00,0.6035
2026-03-08 13:00:00+00:00,0.6058
2026-03-08 14:00:00+00:00,0.6049
2026-03-08 15:00:00+00:00,0.6112
2026-03-08 16:00:00+00:00,0.6124
2026-03-08 17:00:00+00:00,0.6146
2026-03-08 18:00:00+00:00,0.615
2026-03-08 19:00:00+00:00,0.6065999999999999
2026-03-08 20:00:00+00:00,0.6037
2026-03-08 21:00:00+00:00,0.6014
2026-03-08 22:00:00+00:00,0.6078
2026-03-08 23:00:00+00:00,0.6045
2026-03-09 00:00:00+00:00,0.5996
2026-03-09 01:00:00+00:00,0.5998
2026-03-09 02:00:00+00:00,0.598
2026-03-09 03:00:00+00:00,0.5909
2026-03-09 04:00:00+00:00,0.588
2026-03-09 05:00:00+00:00,0.5732
2026-03-09 06:00:00+00:00,0.6089
2026-03-09 07:00:00+00:00,0.6067
2026-03-09 08:00:00+00:00,0.5968
2026-03-09 09:00:00+00:00,0.6022
2026-03-09 10:00:00+00:00,0.6022
2026-03-09 11:00:00+00:00,0.6002000000000001
2026-03-09 12:00:00+00:00,0.5993999999999999
2026-03-09 13:00:00+00:00,0.5742
2026-03-09 14:00:00+00:00,0.5722
2026-03-09 15:00:00+00:00,0.5681
2026-03-09 16:00:00+00:00,0.5628
2026-03-09 17:00:00+00:00,0.5623
2026-03-09 18:00:00+00:00,0.5633
2026-03-09 19:00:00+00:00,0.5583
2026-03-09 20:00:00+00:00,0.5590999999999999
2026-03-09 21:00:00+00:00,0.5545
2026-03-09 22:00:00+00:00,0.5537
2026-03-09 23:00:00+00:00,0.5549000000000001
2026-03-10 00:00:00+00:00,0.5496
2026-03-10 01:00:00+00:00,0.5476
2026-03-10 02:00:00+00:00,0.5458
2026-03-10 03:00:00+00:00,0.5474
2026-03-10 04:00:00+00:00,0.5459
2026-03-10 05:00:00+00:00,0.5447
2026-03-10 06:00:00+00:00,0.5442
2026-03-10 07:00:00+00:00,0.542
2026-03-10 08:00:00+00:00,0.5352
2026-03-10 09:00:00+00:00,0.5347999999999999
2026-03-10 10:00:00+00:00,0.5377000000000001
2026-03-10 11:00:00+00:00,0.5379999999999999
2026-03-10 12:00:00+00:00,0.5402
2026-03-10 13:00:00+00:00,0.5407
2026-03-10 14:00:00+00:00,0.5357999999999999
2026-03-10 15:00:00+00:00,0.5394
2026-03-10 16:00:00+00:00,0.5367000000000001
2026-03-10 17:00:00+00:00,0.5392
2026-03-10 18:00:00+00:00,0.5511
2026-03-10 19:00:00+00:00,0.5487
2026-03-10 20:00:00+00:00,0.5498
2026-03-10 21:00:00+00:00,0.552
2026-03-10 22:00:00+00:00,0.5515
2026-03-10 23:00:00+00:00,0.5504
2026-03-11 00:00:00+00:00,0.5489999999999999
2026-03-11 01:00:00+00:00,0.546
2026-03-11 02:00:00+00:00,0.5415
2026-03-11 03:00:00+00:00,0.5405
2026-03-11 04:00:00+00:00,0.5383
2026-03-11 05:00:00+00:00,0.5421
2026-03-11 06:00:00+00:00,0.5398
2026-03-11 07:00:00+00:00,0.5414
2026-03-11 08:00:00+00:00,0.5384
2026-03-11 09:00:00+00:00,0.541
2026-03-11 10:00:00+00:00,0.541
2026-03-11 11:00:00+00:00,0.5445
2026-03-11 12:00:00+00:00,0.5465
2026-03-11 13:00:00+00:00,0.5471
2026-03-11 14:00:00+00:00,0.5404
2026-03-11 15:00:00+00:00,0.5408
2026-03-11 16:00:00+00:00,0.5379999999999999
2026-03-11 17:00:00+00:00,0.5375
2026-03-11 18:00:00+00:00,0.5399
2026-03-11 19:00:00+00:00,0.5392
2026-03-11 20:00:00+00:00,0.5387
2026-03-11 21:00:00+00:00,0.5383
2026-03-11 22:00:00+00:00,0.5377000000000001
2026-03-11 23:00:00+00:00,0.5393
2026-03-12 00:00:00+00:00,0.5399
2026-03-12 01:00:00+00:00,0.5404
2026-03-12 02:00:00+00:00,0.5449
2026-03-12 03:00:00+00:00,0.5452
2026-03-12 04:00:00+00:00,0.5458
2026-03-12 05:00:00+00:00,0.5448
2026-03-12 06:00:00+00:00,0.544
2026-03-12 07:00:00+00:00,0.5425
2026-03-12 08:00:00+00:00,0.5412
2026-03-12 09:00:00+00:00,0.5327000000000001
2026-03-12 10:00:00+00:00,0.535
2026-03-12 11:00:00+00:00,0.5352
2026-03-12 12:00:00+00:00,0.5366
2026-03-12 13:00:00+00:00,0.5389
2026-03-12 14:00:00+00:00,0.5416
2026-03-12 15:00:00+00:00,0.5417000000000001
2026-03-12 16:00:00+00:00,0.5402
2026-03-12 17:00:00+00:00,0.5381
2026-03-12 18:00:00+00:00,0.539
2026-03-12 19:00:00+00:00,0.5385
2026-03-12 20:00:00+00:00,0.5405
2026-03-12 21:00:00+00:00,0.5407
2026-03-12 22:00:00+00:00,0.5418
2026-03-12 23:00:00+00:00,0.5426
2026-03-13 00:00:00+00:00,0.5427000000000001
2026-03-13 01:00:00+00:00,0.5434
2026-03-13 02:00:00+00:00,0.5431
2026-03-13 03:00:00+00:00,0.5418999999999999
2026-03-13 04:00:00+00:00,0.5405
2026-03-13 05:00:00+00:00,0.5396
2026-03-13 06:00:00+00:00,0.5387
2026-03-13 07:00:00+00:00,0.5395
2026-03-13 08:00:00+00:00,0.5289
2026-03-13 09:00:00+00:00,0.5257000000000001
2026-03-13 10:00:00+00:00,0.5262
2026-03-13 11:00:00+00:00,0.5267000000000001
2026-03-13 12:00:00+00:00,0.5289
2026-03-13 13:00:00+00:00,0.5286
2026-03-13 14:00:00+00:00,0.5307
2026-03-13 15:00:00+00:00,0.5268
2026-03-13 16:00:00+00:00,0.5296
2026-03-13 17:00:00+00:00,0.5346
2026-03-13 18:00:00+00:00,0.5344
2026-03-13 19:00:00+00:00,0.5327000000000001
2026-03-13 20:00:00+00:00,0.5271
2026-03-13 21:00:00+00:00,0.5315
2026-03-13 22:00:00+00:00,0.5311
2026-03-13 23:00:00+00:00,0.5297999999999999
2026-03-14 00:00:00+00:00,0.5321
2026-03-14 01:00:00+00:00,0.5301
2026-03-14 02:00:00+00:00,0.53
2026-03-14 03:00:00+00:00,0.5313
2026-03-14 04:00:00+00:00,0.5305
2026-03-14 05:00:00+00:00,0.5306000000000001
2026-03-14 06:00:00+00:00,0.5354
2026-03-14 07:00:00+00:00,0.5371
2026-03-14 08:00:00+00:00,0.535
2026-03-14 09:00:00+00:00,0.5354
2026-03-14 10:00:00+00:00,0.5373
2026-03-14 11:00:00+00:00,0.5379999999999999
2026-03-14 12:00:00+00:00,0.5384
2026-03-14 13:00:00+00:00,0.5384
2026-03-14 14:00:00+00:00,0.539
2026-03-14 15:00:00+00:00,0.5389
2026-03-14 16:00:00+00:00,0.5396
2026-03-14 17:00:00+00:00,0.5402
2026-03-14 18:00:00+00:00,0.5399
2026-03-14 19:00:00+00:00,0.5406
2026-03-14 20:00:00+00:00,0.5406
2026-03-14 21:00:00+00:00,0.5387
2026-03-14 22:00:00+00:00,0.5379999999999999
2026-03-14 23:00:00+00:00,0.5326
2026-03-15 00:00:00+00:00,0.5316
2026-03-15 01:00:00+00:00,0.5324
2026-03-15 02:00:00+00:00,0.5318
2026-03-15 03:00:00+00:00,0.5316
2026-03-15 04:00:00+00:00,0.5307999999999999
2026-03-15 05:00:00+00:00,0.5309
2026-03-15 06:00:00+00:00,0.5313
2026-03-15 07:00:00+00:00,0.5318999999999999
2026-03-15 08:00:00+00:00,0.5295000000000001
2026-03-15 09:00:00+00:00,0.5292
2026-03-15 10:00:00+00:00,0.5297
2026-03-15 11:00:00+00:00,0.529
2026-03-15 12:00:00+00:00,0.5313
2026-03-15 13:00:00+00:00,0.5279
2026-03-15 14:00:00+00:00,0.5252
2026-03-15 15:00:00+00:00,0.5245000000000001
2026-03-15 16:00:00+00:00,0.5243
2026-03-15 17:00:00+00:00,0.5236
2026-03-15 18:00:00+00:00,0.527
2026-03-15 19:00:00+00:00,0.527
2026-03-15 20:00:00+00:00,0.5262
2026-03-15 21:00:00+00:00,0.5255
2026-03-15 22:00:00+00:00,0.5276
2026-03-15 23:00:00+00:00,0.5289
2026-03-16 00:00:00+00:00,0.5289
2026-03-16 01:00:00+00:00,0.5267000000000001
2026-03-16 02:00:00+00:00,0.5257000000000001
2026-03-16 03:00:00+00:00,0.5214
2026-03-16 04:00:00+00:00,0.52
2026-03-16 05:00:00+00:00,0.5205
2026-03-16 06:00:00+00:00,0.523
2026-03-16 07:00:00+00:00,0.525
2026-03-16 08:00:00+00:00,0.5263
2026-03-16 09:00:00+00:00,0.5267000000000001
2026-03-16 10:00:00+00:00,0.5212
2026-03-16 11:00:00+00:00,0.5218
2026-03-16 12:00:00+00:00,0.5211
2026-03-16 13:00:00+00:00,0.522
2026-03-16 14:00:00+00:00,0.5223
2026-03-16 15:00:00+00:00,0.5281
2026-03-16 16:00:00+00:00,0.5203
2026-03-16 17:00:00+00:00,0.5238
2026-03-16 18:00:00+00:00,0.525
2026-03-16 19:00:00+00:00,0.525
2026-03-16 20:00:00+00:00,0.5243
2026-03-16 21:00:00+00:00,0.5276
2026-03-16 22:00:00+00:00,0.5281
2026-03-16 23:00:00+00:00,0.5281
2026-03-17 00:00:00+00:00,0.5245000000000001
2026-03-17 01:00:00+00:00,0.5205
2026-03-17 02:00:00+00:00,0.5172
2026-03-17 03:00:00+00:00,0.521
2026-03-17 04:00:00+00:00,0.5222
2026-03-17 05:00:00+00:00,0.5224
2026-03-17 06:00:00+00:00,0.5253
2026-03-17 07:00:00+00:00,0.5257000000000001
2026-03-17 08:00:00+00:00,0.5232
2026-03-17 09:00:00+00:00,0.523
2026-03-17 10:00:00+00:00,0.5225
2026-03-17 11:00:00+00:00,0.5223
2026-03-17 12:00:00+00:00,0.5252
2026-03-17 13:00:00+00:00,0.5182
2026-03-17 14:00:00+00:00,0.5196000000000001
2026-03-17 15:00:00+00:00,0.5181
2026-03-17 16:00:00+00:00,0.5159
2026-03-17 17:00:00+00:00,0.5153
2026-03-17 18:00:00+00:00,0.5156000000000001
2026-03-17 19:00:00+00:00,0.5146999999999999
2026-03-17 20:00:00+00:00,0.5136999999999999
2026-03-17 21:00:00+00:00,0.5136999999999999
2026-03-17 22:00:00+00:00,0.5139
2026-03-17 23:00:00+00:00,0.5142
2026-03-18 00:00:00+00:00,0.5129
2026-03-18 01:00:00+00:00,0.5115
2026-03-18 02:00:00+00:00,0.5109
2026-03-18 03:00:00+00:00,0.5099
2026-03-18 04:00:00+00:00,0.51
2026-03-18 05:00:00+00:00,0.512
2026-03-18 06:00:00+00:00,0.5106
2026-03-18 07:00:00+00:00,0.507
2026-03-18 08:00:00+00:00,0.5042
2026-03-18 09:00:00+00:00,0.5085999999999999
2026-03-18 10:00:00+00:00,0.5115999999999999
2026-03-18 11:00:00+00:00,0.5133
2026-03-18 12:00:00+00:00,0.5241
2026-03-18 13:00:00+00:00,0.5303
2026-03-18 14:00:00+00:00,0.5306000000000001
2026-03-18 15:00:00+00:00,0.5233
2026-03-18 16:00:00+00:00,0.5277000000000001
2026-03-18 17:00:00+00:00,0.5281
2026-03-18 18:00:00+00:00,0.5357999999999999
2026-03-18 19:00:00+00:00,0.5342
2026-03-18 20:00:00+00:00,0.5367999999999999
2026-03-18 21:00:00+00:00,0.5359
2026-03-18 22:00:00+00:00,0.5381
2026-03-18 23:00:00+00:00,0.5377000000000001
2026-03-19 00:00:00+00:00,0.5416
2026-03-19 01:00:00+00:00,0.5332
2026-03-19 02:00:00+00:00,0.5371
2026-03-19 03:00:00+00:00,0.5332
2026-03-19 04:00:00+00:00,0.5403
2026-03-19 05:00:00+00:00,0.5401
2026-03-19 06:00:00+00:00,0.5413
2026-03-19 07:00:00+00:00,0.5461
2026-03-19 08:00:00+00:00,0.5449
2026-03-19 09:00:00+00:00,0.5413
2026-03-19 10:00:00+00:00,0.5458
2026-03-19 11:00:00+00:00,0.5504
2026-03-19 12:00:00+00:00,0.5592
2026-03-19 13:00:00+00:00,0.5529
2026-03-19 14:00:00+00:00,0.5473
2026-03-19 15:00:00+00:00,0.5478999999999999
2026-03-19 16:00:00+00:00,0.5481
2026-03-19 17:00:00+00:00,0.5468
2026-03-19 18:00:00+00:00,0.5484
2026-03-19 19:00:00+00:00,0.5438000000000001
2026-03-19 20:00:00+00:00,0.5431
2026-03-19 21:00:00+00:00,0.5414
2026-03-19 22:00:00+00:00,0.5425
2026-03-19 23:00:00+00:00,0.5427000000000001
2026-03-20 00:00:00+00:00,0.5413
2026-03-20 01:00:00+00:00,0.5405
2026-03-20 02:00:00+00:00,0.5378000000000001
2026-03-20 03:00:00+00:00,0.5347
2026-03-20 04:00:00+00:00,0.5297
2026-03-20 05:00:00+00:00,0.5347
2026-03-20 06:00:00+00:00,0.5331
2026-03-20 07:00:00+00:00,0.5288
2026-03-20 08:00:00+00:00,0.5253
2026-03-20 09:00:00+00:00,0.5285
2026-03-20 10:00:00+00:00,0.5325
2026-03-20 11:00:00+00:00,0.5342
2026-03-20 12:00:00+00:00,0.5349
2026-03-20 13:00:00+00:00,0.5373
2026-03-20 14:00:00+00:00,0.5397
2026-03-20 15:00:00+00:00,0.5406
2026-03-20 16:00:00+00:00,0.5408
2026-03-20 17:00:00+00:00,0.5418999999999999
2026-03-20 18:00:00+00:00,0.5434
2026-03-20 19:00:00+00:00,0.5466
2026-03-20 20:00:00+00:00,0.5468999999999999
2026-03-20 21:00:00+00:00,0.5468
2026-03-20 22:00:00+00:00,0.5435
2026-03-20 23:00:00+00:00,0.5444
2026-03-21 00:00:00+00:00,0.5426
2026-03-21 01:00:00+00:00,0.5371
2026-03-21 02:00:00+00:00,0.525
2026-03-21 03:00:00+00:00,0.5236
2026-03-21 04:00:00+00:00,0.5242
2026-03-21 05:00:00+00:00,0.5243
2026-03-21 06:00:00+00:00,0.5243
2026-03-21 07:00:00+00:00,0.5239
2026-03-21 08:00:00+00:00,0.5242
2026-03-21 09:00:00+00:00,0.5238
2026-03-21 10:00:00+00:00,0.5245000000000001
2026-03-21 11:00:00+00:00,0.5225
2026-03-21 12:00:00+00:00,0.5215
2026-03-21 13:00:00+00:00,0.5218
2026-03-21 14:00:00+00:00,0.522
2026-03-21 15:00:00+00:00,0.5216
2026-03-21 16:00:00+00:00,0.5241
2026-03-21 17:00:00+00:00,0.5256000000000001
2026-03-21 18:00:00+00:00,0.5256000000000001
2026-03-21 19:00:00+00:00,0.5262
2026-03-21 20:00:00+00:00,0.5275
2026-03-21 21:00:00+00:00,0.5275
2026-03-21 22:00:00+00:00,0.5278
2026-03-21 23:00:00+00:00,0.5522
2026-03-22 00:00:00+00:00,0.5628
2026-03-22 01:00:00+00:00,0.5611999999999999
2026-03-22 02:00:00+00:00,0.5596
2026-03-22 03:00:00+00:00,0.5595
2026-03-22 04:00:00+00:00,0.5585
2026-03-22 05:00:00+00:00,0.5611
2026-03-22 06:00:00+00:00,0.5598
2026-03-22 07:00:00+00:00,0.5607
2026-03-22 08:00:00+00:00,0.5582
2026-03-22 09:00:00+00:00,0.5583
2026-03-22 10:00:00+00:00,0.5587
2026-03-22 11:00:00+00:00,0.568
2026-03-22 12:00:00+00:00,0.5607
2026-03-22 13:00:00+00:00,0.5625
2026-03-22 14:00:00+00:00,0.5618
2026-03-22 15:00:00+00:00,0.563
2026-03-22 16:00:00+00:00,0.563
2026-03-22 17:00:00+00:00,0.5654
2026-03-22 18:00:00+00:00,0.568
2026-03-22 19:00:00+00:00,0.5744
2026-03-22 20:00:00+00:00,0.5770000000000001
2026-03-22 21:00:00+00:00,0.5753
2026-03-22 22:00:00+00:00,0.5681
2026-03-22 23:00:00+00:00,0.5674
2026-03-23 00:00:00+00:00,0.5703
2026-03-23 01:00:00+00:00,0.5689
2026-03-23 02:00:00+00:00,0.5633
2026-03-23 03:00:00+00:00,0.5653
2026-03-23 04:00:00+00:00,0.5629
2026-03-23 05:00:00+00:00,0.5584
2026-03-23 06:00:00+00:00,0.5666
2026-03-23 07:00:00+00:00,0.5663
2026-03-23 08:00:00+00:00,0.5639
2026-03-23 09:00:00+00:00,0.5652
2026-03-23 10:00:00+00:00,0.5671
2026-03-23 11:00:00+00:00,0.5525
2026-03-23 12:00:00+00:00,0.5502
2026-03-23 13:00:00+00:00,0.5366
2026-03-23 14:00:00+00:00,0.5343
2026-03-23 15:00:00+00:00,0.5403
2026-03-23 16:00:00+00:00,0.5398
2026-03-23 17:00:00+00:00,0.531
2026-03-23 18:00:00+00:00,0.5274
2026-03-23 19:00:00+00:00,0.5272
2026-03-23 20:00:00+00:00,0.5288
2026-03-23 21:00:00+00:00,0.5312
2026-03-23 22:00:00+00:00,0.5376
2026-03-23 23:00:00+00:00,0.5353
2026-03-24 00:00:00+00:00,0.5333
2026-03-24 01:00:00+00:00,0.5339
2026-03-24 02:00:00+00:00,0.5349
2026-03-24 03:00:00+00:00,0.5346
2026-03-24 04:00:00+00:00,0.5329999999999999
2026-03-24 05:00:00+00:00,0.534
2026-03-24 06:00:00+00:00,0.5317000000000001
2026-03-24 07:00:00+00:00,0.5355
2026-03-24 08:00:00+00:00,0.535
2026-03-24 09:00:00+00:00,0.5274
2026-03-24 10:00:00+00:00,0.5266
2026-03-24 11:00:00+00:00,0.5255
2026-03-24 12:00:00+00:00,0.5327000000000001
2026-03-24 13:00:00+00:00,0.535
2026-03-24 14:00:00+00:00,0.5388000000000001
2026-03-24 15:00:00+00:00,0.5351
2026-03-24 16:00:00+00:00,0.5352
2026-03-24 17:00:00+00:00,0.5352
2026-03-24 18:00:00+00:00,0.5343
2026-03-24 19:00:00+00:00,0.5336
2026-03-24 20:00:00+00:00,0.5295000000000001
2026-03-24 21:00:00+00:00,0.5285
2026-03-24 22:00:00+00:00,0.5287
2026-03-24 23:00:00+00:00,0.5268
2026-03-25 00:00:00+00:00,0.519
2026-03-25 01:00:00+00:00,0.5161
2026-03-25 02:00:00+00:00,0.5144
2026-03-25 03:00:00+00:00,0.5119
2026-03-25 04:00:00+00:00,0.51
2026-03-25 05:00:00+00:00,0.5084000000000001
2026-03-25 06:00:00+00:00,0.5096
2026-03-25 07:00:00+00:00,0.5115999999999999
2026-03-25 08:00:00+00:00,0.5084000000000001
2026-03-25 09:00:00+00:00,0.5084000000000001
2026-03-25 10:00:00+00:00,0.5079
2026-03-25 11:00:00+00:00,0.5105
2026-03-25 12:00:00+00:00,0.5115999999999999
2026-03-25 13:00:00+00:00,0.5094
2026-03-25 14:00:00+00:00,0.5103
2026-03-25 15:00:00+00:00,0.5136999999999999
2026-03-25 16:00:00+00:00,0.5119
2026-03-25 17:00:00+00:00,0.514
2026-03-25 18:00:00+00:00,0.5133
2026-03-25 19:00:00+00:00,0.5126
2026-03-25 20:00:00+00:00,0.5115999999999999
2026-03-25 21:00:00+00:00,0.5114
2026-03-25 22:00:00+00:00,0.5107
2026-03-25 23:00:00+00:00,0.5104
2026-03-26 00:00:00+00:00,0.5102
2026-03-26 01:00:00+00:00,0.5093
2026-03-26 02:00:00+00:00,0.5101
2026-03-26 03:00:00+00:00,0.5107
2026-03-26 04:00:00+00:00,0.5106
2026-03-26 05:00:00+00:00,0.5136
2026-03-26 06:00:00+00:00,0.5153
2026-03-26 07:00:00+00:00,0.5141
2026-03-26 08:00:00+00:00,0.5133
2026-03-26 09:00:00+00:00,0.5144
2026-03-26 10:00:00+00:00,0.5202
2026-03-26 11:00:00+00:00,0.5211
2026-03-26 12:00:00+00:00,0.5214
2026-03-26 13:00:00+00:00,0.5165
2026-03-26 14:00:00+00:00,0.5164
2026-03-26 15:00:00+00:00,0.5223
2026-03-26 16:00:00+00:00,0.5242
2026-03-26 17:00:00+00:00,0.5254
2026-03-26 18:00:00+00:00,0.5285
2026-03-26 19:00:00+00:00,0.5276
2026-03-26 20:00:00+00:00,0.5232
2026-03-26 21:00:00+00:00,0.5236999999999999
2026-03-26 22:00:00+00:00,0.5246999999999999
2026-03-26 23:00:00+00:00,0.5254
2026-03-27 00:00:00+00:00,0.5281
2026-03-27 01:00:00+00:00,0.5281
2026-03-27 02:00:00+00:00,0.5287
2026-03-27 03:00:00+00:00,0.5316
2026-03-27 04:00:00+00:00,0.5329999999999999
2026-03-27 05:00:00+00:00,0.5301
2026-03-27 06:00:00+00:00,0.529
2026-03-27 07:00:00+00:00,0.528
2026-03-27 08:00:00+00:00,0.523
2026-03-27 09:00:00+00:00,0.5184000000000001
2026-03-27 10:00:00+00:00,0.5364
2026-03-27 11:00:00+00:00,0.5381
2026-03-27 12:00:00+00:00,0.5411
2026-03-27 13:00:00+00:00,0.5523
2026-03-27 14:00:00+00:00,0.5573
2026-03-27 15:00:00+00:00,0.5468
2026-03-27 16:00:00+00:00,0.547
2026-03-27 17:00:00+00:00,0.5456
2026-03-27 18:00:00+00:00,0.5434
2026-03-27 19:00:00+00:00,0.5427000000000001
2026-03-27 20:00:00+00:00,0.5404
2026-03-27 21:00:00+00:00,0.54
2026-03-27 22:00:00+00:00,0.5390999999999999
2026-03-27 23:00:00+00:00,0.5371
2026-03-28 00:00:00+00:00,0.5361
2026-03-28 01:00:00+00:00,0.5362
2026-03-28 02:00:00+00:00,0.5363
2026-03-28 03:00:00+00:00,0.5344
2026-03-28 04:00:00+00:00,0.5321
2026-03-28 05:00:00+00:00,0.5311
2026-03-28 06:00:00+00:00,0.5307
2026-03-28 07:00:00+00:00,0.5344
2026-03-28 08:00:00+00:00,0.5352
2026-03-28 09:00:00+00:00,0.5359
2026-03-28 10:00:00+00:00,0.5363
2026-03-28 11:00:00+00:00,0.5362
2026-03-28 12:00:00+00:00,0.5352
2026-03-28 13:00:00+00:00,0.532
2026-03-28 14:00:00+00:00,0.5336
2026-03-28 15:00:00+00:00,0.5345
2026-03-28 16:00:00+00:00,0.5366
2026-03-28 17:00:00+00:00,0.5355
2026-03-28 18:00:00+00:00,0.5328
2026-03-28 19:00:00+00:00,0.5329
2026-03-28 20:00:00+00:00,0.5323
2026-03-28 21:00:00+00:00,0.5347999999999999
2026-03-28 22:00:00+00:00,0.5341
2026-03-28 23:00:00+00:00,0.5374
2026-03-29 00:00:00+00:00,0.5367000000000001
2026-03-29 01:00:00+00:00,0.5376
2026-03-29 02:00:00+00:00,0.5355
2026-03-29 03:00:00+00:00,0.5351
2026-03-29 04:00:00+00:00,0.5359
2026-03-29 05:00:00+00:00,0.5352
2026-03-29 06:00:00+00:00,0.5375
2026-03-29 07:00:00+00:00,0.5385
2026-03-29 08:00:00+00:00,0.5324
2026-03-29 09:00:00+00:00,0.5318999999999999
2026-03-29 10:00:00+00:00,0.5327000000000001
2026-03-29 11:00:00+00:00,0.5313
2026-03-29 12:00:00+00:00,0.5318999999999999
2026-03-29 13:00:00+00:00,0.5335
2026-03-29 14:00:00+00:00,0.5338
2026-03-29 15:00:00+00:00,0.5346
2026-03-29 16:00:00+00:00,0.5352
2026-03-29 17:00:00+00:00,0.5359
2026-03-29 18:00:00+00:00,0.5347999999999999
2026-03-29 19:00:00+00:00,0.5364
2026-03-29 20:00:00+00:00,0.5342
2026-03-29 21:00:00+00:00,0.5342
2026-03-29 22:00:00+00:00,0.5462
2026-03-29 23:00:00+00:00,0.5456
2026-03-30 00:00:00+00:00,0.546
2026-03-30 01:00:00+00:00,0.5448
2026-03-30 02:00:00+00:00,0.5351
2026-03-30 03:00:00+00:00,0.5357
2026-03-30 04:00:00+00:00,0.5338
2026-03-30 05:00:00+00:00,0.5347999999999999
2026-03-30 06:00:00+00:00,0.5367000000000001
2026-03-30 07:00:00+00:00,0.5341
2026-03-30 08:00:00+00:00,0.5292
2026-03-30 09:00:00+00:00,0.5304
2026-03-30 10:00:00+00:00,0.5315
2026-03-30 11:00:00+00:00,0.5303
2026-03-30 12:00:00+00:00,0.5265
2026-03-30 13:00:00+00:00,0.5349
2026-03-30 14:00:00+00:00,0.537
2026-03-30 15:00:00+00:00,0.5373
2026-03-30 16:00:00+00:00,0.5384
2026-03-30 17:00:00+00:00,0.5463
2026-03-30 18:00:00+00:00,0.547
2026-03-30 19:00:00+00:00,0.5479999999999999
2026-03-30 20:00:00+00:00,0.5468999999999999
2026-03-30 21:00:00+00:00,0.5452
2026-03-30 22:00:00+00:00,0.5498
2026-03-30 23:00:00+00:00,0.5529999999999999
2026-03-31 00:00:00+00:00,0.5499
2026-03-31 01:00:00+00:00,0.5405
2026-03-31 02:00:00+00:00,0.5401
2026-03-31 03:00:00+00:00,0.5447
2026-03-31 04:00:00+00:00,0.5468
2026-03-31 05:00:00+00:00,0.547
2026-03-31 06:00:00+00:00,0.5464
2026-03-31 07:00:00+00:00,0.5535
2026-03-31 08:00:00+00:00,0.5487
2026-03-31 09:00:00+00:00,0.5564
2026-03-31 10:00:00+00:00,0.5516
2026-03-31 11:00:00+00:00,0.5495
2026-03-31 12:00:00+00:00,0.5494
2026-03-31 13:00:00+00:00,0.5356000000000001
2026-03-31 14:00:00+00:00,0.5411
2026-03-31 15:00:00+00:00,0.5318
2026-03-31 16:00:00+00:00,0.5311
2026-03-31 17:00:00+00:00,0.5301
2026-03-31 18:00:00+00:00,0.527
2026-03-31 19:00:00+00:00,0.5238
2026-03-31 20:00:00+00:00,0.5203
2026-03-31 21:00:00+00:00,0.5231
2026-03-31 22:00:00+00:00,0.5246999999999999
2026-03-31 23:00:00+00:00,0.5225
2026-04-01 00:00:00+00:00,0.5236
2026-04-01 01:00:00+00:00,0.5302
2026-04-01 02:00:00+00:00,0.5325
2026-04-01 03:00:00+00:00,0.5286
2026-04-01 04:00:00+00:00,0.5273
2026-04-01 05:00:00+00:00,0.5216
2026-04-01 06:00:00+00:00,0.5242
2026-04-01 07:00:00+00:00,0.5232
2026-04-01 08:00:00+00:00,0.5192
2026-04-01 09:00:00+00:00,0.519
2026-04-01 10:00:00+00:00,0.5196000000000001
2026-04-01 11:00:00+00:00,0.5194
2026-04-01 12:00:00+00:00,0.532
2026-04-01 13:00:00+00:00,0.528
2026-04-01 14:00:00+00:00,0.5172
2026-04-01 15:00:00+00:00,0.5134000000000001
2026-04-01 16:00:00+00:00,0.5129
2026-04-01 17:00:00+00:00,0.5152
2026-04-01 18:00:00+00:00,0.521
2026-04-01 19:00:00+00:00,0.5142
2026-04-01 20:00:00+00:00,0.5127
2026-04-01 21:00:00+00:00,0.5147999999999999
2026-04-01 22:00:00+00:00,0.5149
2026-04-01 23:00:00+00:00,0.5149
2026-04-02 00:00:00+00:00,0.5132
2026-04-02 01:00:00+00:00,0.5239
2026-04-02 02:00:00+00:00,0.5293
2026-04-02 03:00:00+00:00,0.5268
2026-04-02 04:00:00+00:00,0.5255
2026-04-02 05:00:00+00:00,0.5238
2026-04-02 06:00:00+00:00,0.5226
2026-04-02 07:00:00+00:00,0.5223
2026-04-02 08:00:00+00:00,0.5196000000000001
2026-04-02 09:00:00+00:00,0.5212
2026-04-02 10:00:00+00:00,0.5199
2026-04-02 11:00:00+00:00,0.5212
2026-04-02 12:00:00+00:00,0.5307
2026-04-02 13:00:00+00:00,0.5299
2026-04-02 14:00:00+00:00,0.5225
2026-04-02 15:00:00+00:00,0.5216
2026-04-02 16:00:00+00:00,0.5199
2026-04-02 17:00:00+00:00,0.5186999999999999
2026-04-02 18:00:00+00:00,0.5149
2026-04-02 19:00:00+00:00,0.5125
2026-04-02 20:00:00+00:00,0.5113
2026-04-02 21:00:00+00:00,0.5079
2026-04-02 22:00:00+00:00,0.5083
2026-04-02 23:00:00+00:00,0.5085000000000001
2026-04-03 00:00:00+00:00,0.5095000000000001
2026-04-03 01:00:00+00:00,0.5101
2026-04-03 02:00:00+00:00,0.5102
2026-04-03 03:00:00+00:00,0.509
2026-04-03 04:00:00+00:00,0.5084000000000001
2026-04-03 05:00:00+00:00,0.5084000000000001
2026-04-03 06:00:00+00:00,0.5063
2026-04-03 07:00:00+00:00,0.4941
2026-04-03 08:00:00+00:00,0.489
2026-04-03 09:00:00+00:00,0.4863
2026-04-03 10:00:00+00:00,0.4851
2026-04-03 11:00:00+00:00,0.4863
2026-04-03 12:00:00+00:00,0.4857
2026-04-03 13:00:00+00:00,0.4802
2026-04-03 14:00:00+00:00,0.47590000000000005
2026-04-03 15:00:00+00:00,0.4771
2026-04-03 16:00:00+00:00,0.4727
2026-04-03 17:00:00+00:00,0.47369999999999995
2026-04-03 18:00:00+00:00,0.4727
2026-04-03 19:00:00+00:00,0.47119999999999995
2026-04-03 20:00:00+00:00,0.47119999999999995
2026-04-03 21:00:00+00:00,0.47369999999999995
2026-04-03 22:00:00+00:00,0.47369999999999995
2026-04-03 23:00:00+00:00,0.47409999999999997
2026-04-04 00:00:00+00:00,0.4736
2026-04-04 01:00:00+00:00,0.4733
2026-04-04 02:00:00+00:00,0.4742
2026-04-04 03:00:00+00:00,0.4746
2026-04-04 04:00:00+00:00,0.4752
2026-04-04 05:00:00+00:00,0.47369999999999995
2026-04-04 06:00:00+00:00,0.47369999999999995
2026-04-04 07:00:00+00:00,0.47350000000000003
2026-04-04 08:00:00+00:00,0.475
2026-04-04 09:00:00+00:00,0.47350000000000003
2026-04-04 10:00:00+00:00,0.47200000000000003
2026-04-04 11:00:00+00:00,0.4711
2026-04-04 12:00:00+00:00,0.4706
2026-04-04 13:00:00+00:00,0.469
2026-04-04 14:00:00+00:00,0.4696
2026-04-04 15:00:00+00:00,0.4694
2026-04-04 16:00:00+00:00,0.4707
2026-04-04 17:00:00+00:00,0.4715
2026-04-04 18:00:00+00:00,0.4715
2026-04-04 19:00:00+00:00,0.4704
2026-04-04 20:00:00+00:00,0.4728
2026-04-04 21:00:00+00:00,0.4731
2026-04-04 22:00:00+00:00,0.4727
2026-04-04 23:00:00+00:00,0.47369999999999995
2026-04-05 00:00:00+00:00,0.47229999999999994
2026-04-05 01:00:00+00:00,0.474
2026-04-05 02:00:00+00:00,0.4718
2026-04-05 03:00:00+00:00,0.4719
2026-04-05 04:00:00+00:00,0.473
2026-04-05 05:00:00+00:00,0.4746
2026-04-05 06:00:00+00:00,0.4768
2026-04-05 07:00:00+00:00,0.47759999999999997
2026-04-05 08:00:00+00:00,0.4778
2026-04-05 09:00:00+00:00,0.47490000000000004
2026-04-05 10:00:00+00:00,0.47340000000000004
2026-04-05 11:00:00+00:00,0.4746
2026-04-05 12:00:00+00:00,0.47909999999999997
2026-04-05 13:00:00+00:00,0.4792
2026-04-05 14:00:00+00:00,0.4793
2026-04-05 15:00:00+00:00,0.4783
2026-04-05 16:00:00+00:00,0.4757
2026-04-05 17:00:00+00:00,0.47729999999999995
2026-04-05 18:00:00+00:00,0.4804
2026-04-05 19:00:00+00:00,0.4833
2026-04-05 20:00:00+00:00,0.48100000000000004
2026-04-05 21:00:00+00:00,0.4827
2026-04-05 22:00:00+00:00,0.4833
2026-04-05 23:00:00+00:00,0.4753
2026-04-06 00:00:00+00:00,0.47619999999999996
2026-04-06 01:00:00+00:00,0.47740000000000005
2026-04-06 02:00:00+00:00,0.47369999999999995
2026-04-06 03:00:00+00:00,0.473
2026-04-06 04:00:00+00:00,0.473
2026-04-06 05:00:00+00:00,0.4727
2026-04-06 06:00:00+00:00,0.4721
2026-04-06 07:00:00+00:00,0.4711
2026-04-06 08:00:00+00:00,0.4678
2026-04-06 09:00:00+00:00,0.46630000000000005
2026-04-06 10:00:00+00:00,0.4664
2026-04-06 11:00:00+00:00,0.47259999999999996
2026-04-06 12:00:00+00:00,0.4802
2026-04-06 13:00:00+00:00,0.48119999999999996
2026-04-06 14:00:00+00:00,0.4783
2026-04-06 15:00:00+00:00,0.475
2026-04-06 16:00:00+00:00,0.47240000000000004
2026-04-06 17:00:00+00:00,0.4758
2026-04-06 18:00:00+00:00,0.4729
2026-04-06 19:00:00+00:00,0.4744
2026-04-06 20:00:00+00:00,0.4746
2026-04-06 21:00:00+00:00,0.4767
2026-04-06 22:00:00+00:00,0.4825
2026-04-06 23:00:00+00:00,0.4899
2026-04-07 00:00:00+00:00,0.4918
2026-04-07 01:00:00+00:00,0.4953
2026-04-07 02:00:00+00:00,0.48829999999999996
2026-04-07 03:00:00+00:00,0.4863
2026-04-07 04:00:00+00:00,0.48310000000000003
2026-04-07 05:00:00+00:00,0.4854
2026-04-07 06:00:00+00:00,0.48479999999999995
2026-04-07 07:00:00+00:00,0.4857
2026-04-07 08:00:00+00:00,0.4778
2026-04-07 09:00:00+00:00,0.47509999999999997
2026-04-07 10:00:00+00:00,0.4903
2026-04-07 11:00:00+00:00,0.4891
2026-04-07 12:00:00+00:00,0.4927
2026-04-07 13:00:00+00:00,0.4939
2026-04-07 14:00:00+00:00,0.49700000000000005
2026-04-07 15:00:00+00:00,0.49450000000000005
2026-04-07 16:00:00+00:00,0.49229999999999996
2026-04-07 17:00:00+00:00,0.49329999999999996
2026-04-07 18:00:00+00:00,0.4946
2026-04-07 19:00:00+00:00,0.4924
2026-04-07 20:00:00+00:00,0.486
2026-04-07 21:00:00+00:00,0.4853
2026-04-07 22:00:00+00:00,0.4778
2026-04-07 23:00:00+00:00,0.47369999999999995
2026-04-08 00:00:00+00:00,0.4636
2026-04-08 01:00:00+00:00,0.45539999999999997
2026-04-08 02:00:00+00:00,0.45189999999999997
2026-04-08 03:00:00+00:00,0.4497
2026-04-08 04:00:00+00:00,0.44799999999999995
2026-04-08 05:00:00+00:00,0.4447
2026-04-08 06:00:00+00:00,0.4457
2026-04-08 07:00:00+00:00,0.4474
2026-04-08 08:00:00+00:00,0.44310000000000005
2026-04-08 09:00:00+00:00,0.44229999999999997
2026-04-08 10:00:00+00:00,0.4425
2026-04-08 11:00:00+00:00,0.45020000000000004
2026-04-08 12:00:00+00:00,0.45539999999999997
2026-04-08 13:00:00+00:00,0.4542
2026-04-08 14:00:00+00:00,0.4542
2026-04-08 15:00:00+00:00,0.4506
2026-04-08 16:00:00+00:00,0.4481
2026-04-08 17:00:00+00:00,0.4473
2026-04-08 18:00:00+00:00,0.4475
2026-04-08 19:00:00+00:00,0.4457
2026-04-08 20:00:00+00:00,0.44420000000000004
2026-04-08 21:00:00+00:00,0.4424
2026-04-08 22:00:00+00:00,0.4435
2026-04-08 23:00:00+00:00,0.4435
2026-04-09 00:00:00+00:00,0.4483
2026-04-09 01:00:00+00:00,0.4476
2026-04-09 02:00:00+00:00,0.4456
2026-04-09 03:00:00+00:00,0.44520000000000004
2026-04-09 04:00:00+00:00,0.4464
2026-04-09 05:00:00+00:00,0.44439999999999996
2026-04-09 06:00:00+00:00,0.44409999999999994
2026-04-09 07:00:00+00:00,0.4435
2026-04-09 08:00:00+00:00,0.4426
2026-04-09 09:00:00+00:00,0.44270000000000004
2026-04-09 10:00:00+00:00,0.4411
2026-04-09 11:00:00+00:00,0.44420000000000004
2026-04-09 12:00:00+00:00,0.4454
2026-04-09 13:00:00+00:00,0.4472
2026-04-09 14:00:00+00:00,0.44170000000000004
2026-04-09 15:00:00+00:00,0.4471
2026-04-09 16:00:00+00:00,0.447
2026-04-09 17:00:00+00:00,0.4475
2026-04-09 18:00:00+00:00,0.4476
2026-04-09 19:00:00+00:00,0.447
2026-04-09 20:00:00+00:00,0.4461
2026-04-09 21:00:00+00:00,0.44439999999999996
2026-04-09 22:00:00+00:00,0.4456
2026-04-09 23:00:00+00:00,0.44520000000000004
2026-04-10 00:00:00+00:00,0.444
2026-04-10 01:00:00+00:00,0.44329999999999997
2026-04-10 02:00:00+00:00,0.4435
2026-04-10 03:00:00+00:00,0.44229999999999997
2026-04-10 04:00:00+00:00,0.4422
2026-04-10 05:00:00+00:00,0.4415
2026-04-10 06:00:00+00:00,0.4415
2026-04-10 07:00:00+00:00,0.4428
2026-04-10 08:00:00+00:00,0.4316
2026-04-10 09:00:00+00:00,0.43119999999999997
2026-04-10 10:00:00+00:00,0.42950000000000005
2026-04-10 11:00:00+00:00,0.4279
2026-04-10 12:00:00+00:00,0.4296
2026-04-10 13:00:00+00:00,0.4266
2026-04-10 14:00:00+00:00,0.43320000000000003
2026-04-10 15:00:00+00:00,0.4335
2026-04-10 16:00:00+00:00,0.43329999999999996
2026-04-10 17:00:00+00:00,0.43270000000000003
2026-04-10 18:00:00+00:00,0.4288
2026-04-10 19:00:00+00:00,0.4255
2026-04-10 20:00:00+00:00,0.4251
2026-04-10 21:00:00+00:00,0.42479999999999996
2026-04-10 22:00:00+00:00,0.4318
2026-04-10 23:00:00+00:00,0.4314
2026-04-11 00:00:00+00:00,0.43119999999999997
2026-04-11 01:00:00+00:00,0.433
2026-04-11 02:00:00+00:00,0.433
2026-04-11 03:00:00+00:00,0.43420000000000003
2026-04-11 04:00:00+00:00,0.4359
2026-04-11 05:00:00+00:00,0.4376
2026-04-11 06:00:00+00:00,0.43770000000000003
2026-04-11 07:00:00+00:00,0.43810000000000004
2026-04-11 08:00:00+00:00,0.4379
2026-04-11 09:00:00+00:00,0.4351
2026-04-11 10:00:00+00:00,0.4361
2026-04-11 11:00:00+00:00,0.4357
2026-04-11 12:00:00+00:00,0.4363
2026-04-11 13:00:00+00:00,0.4403
2026-04-11 14:00:00+00:00,0.4399
2026-04-11 15:00:00+00:00,0.4387
2026-04-11 16:00:00+00:00,0.4415
2026-04-11 17:00:00+00:00,0.44189999999999996
2026-04-11 18:00:00+00:00,0.44170000000000004
2026-04-11 19:00:00+00:00,0.4289
2026-04-11 20:00:00+00:00,0.4357
2026-04-11 21:00:00+00:00,0.43329999999999996
2026-04-11 22:00:00+00:00,0.4412
2026-04-11 23:00:00+00:00,0.4461
2026-04-12 00:00:00+00:00,0.44549999999999995
2026-04-12 01:00:00+00:00,0.4473
2026-04-12 02:00:00+00:00,0.45799999999999996
2026-04-12 03:00:00+00:00,0.4545
2026-04-12 04:00:00+00:00,0.4548
2026-04-12 05:00:00+00:00,0.4539
2026-04-12 06:00:00+00:00,0.45399999999999996
2026-04-12 07:00:00+00:00,0.4526
2026-04-12 08:00:00+00:00,0.45280000000000004
2026-04-12 09:00:00+00:00,0.4525
2026-04-12 10:00:00+00:00,0.45130000000000003
2026-04-12 11:00:00+00:00,0.45
2026-04-12 12:00:00+00:00,0.4531
2026-04-12 13:00:00+00:00,0.4545
2026-04-12 14:00:00+00:00,0.4587
2026-04-12 15:00:00+00:00,0.4576
2026-04-12 16:00:00+00:00,0.4576
2026-04-12 17:00:00+00:00,0.45640000000000003
2026-04-12 18:00:00+00:00,0.4558
2026-04-12 19:00:00+00:00,0.45630000000000004
2026-04-12 20:00:00+00:00,0.45270000000000005
2026-04-12 21:00:00+00:00,0.45380000000000004
2026-04-12 22:00:00+00:00,0.4545
2026-04-12 23:00:00+00:00,0.4543
2026-04-13 00:00:00+00:00,0.44880000000000003
2026-04-13 01:00:00+00:00,0.4482
2026-04-13 02:00:00+00:00,0.4484
2026-04-13 03:00:00+00:00,0.4508
2026-04-13 04:00:00+00:00,0.4497
2026-04-13 05:00:00+00:00,0.4472
2026-04-13 06:00:00+00:00,0.4439
2026-04-13 07:00:00+00:00,0.44789999999999996
2026-04-13 08:00:00+00:00,0.44659999999999994
2026-04-13 09:00:00+00:00,0.445
2026-04-13 10:00:00+00:00,0.45520000000000005
2026-04-13 11:00:00+00:00,0.457
2026-04-13 12:00:00+00:00,0.45659999999999995
2026-04-13 13:00:00+00:00,0.44939999999999997
2026-04-13 14:00:00+00:00,0.4434
2026-04-13 15:00:00+00:00,0.4428
2026-04-13 16:00:00+00:00,0.4426
2026-04-13 17:00:00+00:00,0.4432
2026-04-13 18:00:00+00:00,0.44380000000000003
2026-04-13 19:00:00+00:00,0.4413
2026-04-13 20:00:00+00:00,0.4476
2026-04-13 21:00:00+00:00,0.44770000000000004
2026-04-13 22:00:00+00:00,0.4428
2026-04-13 23:00:00+00:00,0.4401
2026-04-14 00:00:00+00:00,0.4389
2026-04-14 01:00:00+00:00,0.4385
2026-04-14 02:00:00+00:00,0.4399
2026-04-14 03:00:00+00:00,0.4387
2026-04-14 04:00:00+00:00,0.4382
2026-04-14 05:00:00+00:00,0.4387
2026-04-14 06:00:00+00:00,0.4391
2026-04-14 07:00:00+00:00,0.43920000000000003
2026-04-14 08:00:00+00:00,0.43939999999999996
2026-04-14 09:00:00+00:00,0.4371
2026-04-14 10:00:00+00:00,0.4379
2026-04-14 11:00:00+00:00,0.435
2026-04-14 12:00:00+00:00,0.43579999999999997
2026-04-14 13:00:00+00:00,0.44049999999999995
2026-04-14 14:00:00+00:00,0.44409999999999994
2026-04-14 15:00:00+00:00,0.4445
2026-04-14 16:00:00+00:00,0.4459
2026-04-14 17:00:00+00:00,0.4461
2026-04-14 18:00:00+00:00,0.44799999999999995
2026-04-14 19:00:00+00:00,0.4439
2026-04-14 20:00:00+00:00,0.4425
2026-04-14 21:00:00+00:00,0.4416
2026-04-14 22:00:00+00:00,0.4413
2026-04-14 23:00:00+00:00,0.441
2026-04-15 00:00:00+00:00,0.4401
2026-04-15 01:00:00+00:00,0.4386
2026-04-15 02:00:00+00:00,0.4357
2026-04-15 03:00:00+00:00,0.435
2026-04-15 04:00:00+00:00,0.43520000000000003
2026-04-15 05:00:00+00:00,0.4357
2026-04-15 06:00:00+00:00,0.43560000000000004
2026-04-15 07:00:00+00:00,0.4366
2026-04-15 08:00:00+00:00,0.4346
2026-04-15 09:00:00+00:00,0.4347
2026-04-15 10:00:00+00:00,0.4368
2026-04-15 11:00:00+00:00,0.43770000000000003
2026-04-15 12:00:00+00:00,0.43920000000000003
2026-04-15 13:00:00+00:00,0.43939999999999996
2026-04-15 14:00:00+00:00,0.4391
2026-04-15 15:00:00+00:00,0.4378
2026-04-15 16:00:00+00:00,0.4385
2026-04-15 17:00:00+00:00,0.4374
2026-04-15 18:00:00+00:00,0.4372
2026-04-15 19:00:00+00:00,0.43979999999999997
2026-04-15 20:00:00+00:00,0.44049999999999995
2026-04-15 21:00:00+00:00,0.44020000000000004
2026-04-15 22:00:00+00:00,0.44049999999999995
2026-04-15 23:00:00+00:00,0.43920000000000003
2026-04-16 00:00:00+00:00,0.4397
2026-04-16 01:00:00+00:00,0.43829999999999997
2026-04-16 02:00:00+00:00,0.4397
2026-04-16 03:00:00+00:00,0.4399
2026-04-16 04:00:00+00:00,0.44049999999999995
2026-04-16 05:00:00+00:00,0.4403
2026-04-16 06:00:00+00:00,0.44060000000000005
2026-04-16 07:00:00+00:00,0.4399
2026-04-16 08:00:00+00:00,0.4376
2026-04-16 09:00:00+00:00,0.4335
2026-04-16 10:00:00+00:00,0.43420000000000003
2026-04-16 11:00:00+00:00,0.4335
2026-04-16 12:00:00+00:00,0.4326
2026-04-16 13:00:00+00:00,0.4351
2026-04-16 14:00:00+00:00,0.4311
2026-04-16 15:00:00+00:00,0.4294
2026-04-16 16:00:00+00:00,0.4289
2026-04-16 17:00:00+00:00,0.4278
2026-04-16 18:00:00+00:00,0.4278
2026-04-16 19:00:00+00:00,0.42719999999999997
2026-04-16 20:00:00+00:00,0.4216
2026-04-16 21:00:00+00:00,0.4241
2026-04-16 22:00:00+00:00,0.42310000000000003
2026-04-16 23:00:00+00:00,0.4233
2026-04-17 00:00:00+00:00,0.4239
2026-04-17 01:00:00+00:00,0.42469999999999997
2026-04-17 02:00:00+00:00,0.4127
2026-04-17 03:00:00+00:00,0.415
2026-04-17 04:00:00+00:00,0.4177
2026-04-17 05:00:00+00:00,0.4165
2026-04-17 06:00:00+00:00,0.41590000000000005
2026-04-17 07:00:00+00:00,0.41479999999999995
2026-04-17 08:00:00+00:00,0.4113
2026-04-17 09:00:00+00:00,0.41119999999999995
2026-04-17 10:00:00+00:00,0.4121
2026-04-17 11:00:00+00:00,0.4096
2026-04-17 12:00:00+00:00,0.4142
2026-04-17 13:00:00+00:00,0.43200000000000005
2026-04-17 14:00:00+00:00,0.4403
2026-04-17 15:00:00+00:00,0.43329999999999996
2026-04-17 16:00:00+00:00,0.43450000000000005
2026-04-17 17:00:00+00:00,0.4326
2026-04-17 18:00:00+00:00,0.4265
2026-04-17 19:00:00+00:00,0.4275
2026-04-17 20:00:00+00:00,0.42479999999999996
2026-04-17 21:00:00+00:00,0.4236
2026-04-17 22:00:00+00:00,0.4282
2026-04-17 23:00:00+00:00,0.42829999999999996
2026-04-18 00:00:00+00:00,0.42950000000000005
2026-04-18 01:00:00+00:00,0.431
2026-04-18 02:00:00+00:00,0.4302
2026-04-18 03:00:00+00:00,0.43079999999999996
2026-04-18 04:00:00+00:00,0.431
2026-04-18 05:00:00+00:00,0.4274
2026-04-18 06:00:00+00:00,0.4268
2026-04-18 07:00:00+00:00,0.42700000000000005
2026-04-18 08:00:00+00:00,0.4266
2026-04-18 09:00:00+00:00,0.429
2026-04-18 10:00:00+00:00,0.4275
2026-04-18 11:00:00+00:00,0.4251
2026-04-18 12:00:00+00:00,0.42840000000000006
2026-04-18 13:00:00+00:00,0.428
2026-04-18 14:00:00+00:00,0.42810000000000004
2026-04-18 15:00:00+00:00,0.4316
2026-04-18 16:00:00+00:00,0.4349
2026-04-18 17:00:00+00:00,0.4349
2026-04-18 18:00:00+00:00,0.4364
2026-04-18 19:00:00+00:00,0.44
2026-04-18 20:00:00+00:00,0.441
2026-04-18 21:00:00+00:00,0.4411
2026-04-18 22:00:00+00:00,0.44049999999999995
2026-04-18 23:00:00+00:00,0.441
2026-04-19 00:00:00+00:00,0.4414
2026-04-19 01:00:00+00:00,0.4421
2026-04-19 02:00:00+00:00,0.442
2026-04-19 03:00:00+00:00,0.4401
2026-04-19 04:00:00+00:00,0.44049999999999995
2026-04-19 05:00:00+00:00,0.43979999999999997
2026-04-19 06:00:00+00:00,0.4421
2026-04-19 07:00:00+00:00,0.4407
2026-04-19 08:00:00+00:00,0.4379
2026-04-19 09:00:00+00:00,0.4391
2026-04-19 10:00:00+00:00,0.4368
2026-04-19 11:00:00+00:00,0.43450000000000005
2026-04-19 12:00:00+00:00,0.434
2026-04-19 13:00:00+00:00,0.4341
2026-04-19 14:00:00+00:00,0.43450000000000005
2026-04-19 15:00:00+00:00,0.4347
2026-04-19 16:00:00+00:00,0.4355
2026-04-19 17:00:00+00:00,0.4378
2026-04-19 18:00:00+00:00,0.4361
2026-04-19 19:00:00+00:00,0.4366
2026-04-19 20:00:00+00:00,0.4387
2026-04-19 21:00:00+00:00,0.4407
2026-04-19 22:00:00+00:00,0.4354
2026-04-19 23:00:00+00:00,0.43439999999999995
2026-04-20 00:00:00+00:00,0.4337
2026-04-20 01:00:00+00:00,0.43310000000000004
2026-04-20 02:00:00+00:00,0.4289
2026-04-20 03:00:00+00:00,0.4228
2026-04-20 04:00:00+00:00,0.4227
2026-04-20 05:00:00+00:00,0.4242
2026-04-20 06:00:00+00:00,0.42810000000000004
2026-04-20 07:00:00+00:00,0.431
2026-04-20 08:00:00+00:00,0.4292
2026-04-20 09:00:00+00:00,0.4288
2026-04-20 10:00:00+00:00,0.4291
2026-04-20 11:00:00+00:00,0.4292
2026-04-20 12:00:00+00:00,0.4311
2026-04-20 13:00:00+00:00,0.42979999999999996
2026-04-20 14:00:00+00:00,0.428
2026-04-20 15:00:00+00:00,0.42310000000000003
2026-04-20 16:00:00+00:00,0.42100000000000004
2026-04-20 17:00:00+00:00,0.4183
2026-04-20 18:00:00+00:00,0.4172
2026-04-20 19:00:00+00:00,0.4158
2026-04-20 20:00:00+00:00,0.4152
2026-04-20 21:00:00+00:00,0.4188
2026-04-20 22:00:00+00:00,0.4207
2026-04-20 23:00:00+00:00,0.4203
2026-04-21 00:00:00+00:00,0.4204
2026-04-21 01:00:00+00:00,0.42119999999999996
2026-04-21 02:00:00+00:00,0.4219
2026-04-21 03:00:00+00:00,0.4263
2026-04-21 04:00:00+00:00,0.4276
2026-04-21 05:00:00+00:00,0.42710000000000004
2026-04-21 06:00:00+00:00,0.42340000000000005
2026-04-21 07:00:00+00:00,0.4251
2026-04-21 08:00:00+00:00,0.42340000000000005
2026-04-21 09:00:00+00:00,0.42560000000000003
2026-04-21 10:00:00+00:00,0.4257
2026-04-21 11:00:00+00:00,0.42710000000000004
2026-04-21 12:00:00+00:00,0.4334
2026-04-21 13:00:00+00:00,0.4268
2026-04-21 14:00:00+00:00,0.4303
2026-04-21 15:00:00+00:00,0.4253
2026-04-21 16:00:00+00:00,0.4251
2026-04-21 17:00:00+00:00,0.4242
2026-04-21 18:00:00+00:00,0.42229999999999995
2026-04-21 19:00:00+00:00,0.42710000000000004
2026-04-21 20:00:00+00:00,0.4217
2026-04-21 21:00:00+00:00,0.4219
2026-04-21 22:00:00+00:00,0.42219999999999996
2026-04-21 23:00:00+00:00,0.4213
2026-04-22 00:00:00+00:00,0.42450000000000004
2026-04-22 01:00:00+00:00,0.4261
2026-04-22 02:00:00+00:00,0.42479999999999996
2026-04-22 03:00:00+00:00,0.4229
2026-04-22 04:00:00+00:00,0.4218
2026-04-22 05:00:00+00:00,0.4235
2026-04-22 06:00:00+00:00,0.42
2026-04-22 07:00:00+00:00,0.4328
2026-04-22 08:00:00+00:00,0.4202
2026-04-22 09:00:00+00:00,0.4189
2026-04-22 10:00:00+00:00,0.4225
2026-04-22 11:00:00+00:00,0.4251
2026-04-22 12:00:00+00:00,0.4269
2026-04-22 13:00:00+00:00,0.4274
2026-04-22 14:00:00+00:00,0.4313
2026-04-22 15:00:00+00:00,0.4263
2026-04-22 16:00:00+00:00,0.4339
2026-04-22 17:00:00+00:00,0.4324
2026-04-22 18:00:00+00:00,0.43060000000000004
2026-04-22 19:00:00+00:00,0.4324
2026-04-22 20:00:00+00:00,0.43329999999999996
2026-04-22 21:00:00+00:00,0.43200000000000005
2026-04-22 22:00:00+00:00,0.43200000000000005
2026-04-22 23:00:00+00:00,0.4318
2026-04-23 00:00:00+00:00,0.4321
2026-04-23 01:00:00+00:00,0.4313
2026-04-23 02:00:00+00:00,0.42840000000000006
2026-04-23 03:00:00+00:00,0.4286
2026-04-23 04:00:00+00:00,0.42619999999999997
2026-04-23 05:00:00+00:00,0.425
2026-04-23 06:00:00+00:00,0.4233
2026-04-23 07:00:00+00:00,0.4225
2026-04-23 08:00:00+00:00,0.4219
2026-04-23 09:00:00+00:00,0.43
2026-04-23 10:00:00+00:00,0.429
2026-04-23 11:00:00+00:00,0.42810000000000004
2026-04-23 12:00:00+00:00,0.4318
2026-04-23 13:00:00+00:00,0.4299
2026-04-23 14:00:00+00:00,0.4286
2026-04-23 15:00:00+00:00,0.42710000000000004
2026-04-23 16:00:00+00:00,0.42710000000000004
2026-04-23 17:00:00+00:00,0.4378
2026-04-23 18:00:00+00:00,0.4343
2026-04-23 19:00:00+00:00,0.43200000000000005
2026-04-23 20:00:00+00:00,0.4305
2026-04-23 21:00:00+00:00,0.4292
2026-04-23 22:00:00+00:00,0.4277
2026-04-23 23:00:00+00:00,0.42829999999999996
2026-04-24 00:00:00+00:00,0.4269
2026-04-24 01:00:00+00:00,0.425
2026-04-24 02:00:00+00:00,0.4232
2026-04-24 03:00:00+00:00,0.42200000000000004
2026-04-24 04:00:00+00:00,0.4192
2026-04-24 05:00:00+00:00,0.4199
2026-04-24 06:00:00+00:00,0.41859999999999997
2026-04-24 07:00:00+00:00,0.4213
2026-04-24 08:00:00+00:00,0.413
2026-04-24 09:00:00+00:00,0.4108
2026-04-24 10:00:00+00:00,0.40369999999999995
2026-04-24 11:00:00+00:00,0.4097
2026-04-24 12:00:00+00:00,0.4092
2026-04-24 13:00:00+00:00,0.4081
2026-04-24 14:00:00+00:00,0.41119999999999995
2026-04-24 15:00:00+00:00,0.4118
2026-04-24 16:00:00+00:00,0.4129
2026-04-24 17:00:00+00:00,0.41229999999999994
2026-04-24 18:00:00+00:00,0.41009999999999996
2026-04-24 19:00:00+00:00,0.4093
2026-04-24 20:00:00+00:00,0.4031
2026-04-24 21:00:00+00:00,0.405
2026-04-24 22:00:00+00:00,0.4042
2026-04-24 23:00:00+00:00,0.40159999999999996
2026-04-25 00:00:00+00:00,0.4022
2026-04-25 01:00:00+00:00,0.40090000000000003
2026-04-25 02:00:00+00:00,0.3993
2026-04-25 03:00:00+00:00,0.39740000000000003
2026-04-25 04:00:00+00:00,0.3968
2026-04-25 05:00:00+00:00,0.39799999999999996
2026-04-25 06:00:00+00:00,0.3993
2026-04-25 07:00:00+00:00,0.3986
2026-04-25 08:00:00+00:00,0.39630000000000004
2026-04-25 09:00:00+00:00,0.39659999999999995
2026-04-25 10:00:00+00:00,0.39649999999999996
2026-04-25 11:00:00+00:00,0.3983
2026-04-25 12:00:00+00:00,0.40009999999999996
2026-04-25 13:00:00+00:00,0.4004
2026-04-25 14:00:00+00:00,0.4019
2026-04-25 15:00:00+00:00,0.4048
2026-04-25 16:00:00+00:00,0.40659999999999996
2026-04-25 17:00:00+00:00,0.4096
2026-04-25 18:00:00+00:00,0.4102
2026-04-25 19:00:00+00:00,0.41
2026-04-25 20:00:00+00:00,0.4089
2026-04-25 21:00:00+00:00,0.4096
2026-04-25 22:00:00+00:00,0.4081
2026-04-25 23:00:00+00:00,0.4077
2026-04-26 00:00:00+00:00,0.4071
2026-04-26 01:00:00+00:00,0.4068
2026-04-26 02:00:00+00:00,0.4056
2026-04-26 03:00:00+00:00,0.4064
2026-04-26 04:00:00+00:00,0.4067
2026-04-26 05:00:00+00:00,0.4042
2026-04-26 06:00:00+00:00,0.4023
2026-04-26 07:00:00+00:00,0.4035
2026-04-26 08:00:00+00:00,0.4042
2026-04-26 09:00:00+00:00,0.4031
2026-04-26 10:00:00+00:00,0.4029
2026-04-26 11:00:00+00:00,0.4025
2026-04-26 12:00:00+00:00,0.4003
2026-04-26 13:00:00+00:00,0.3998
2026-04-26 14:00:00+00:00,0.4003
2026-04-26 15:00:00+00:00,0.39990000000000003
2026-04-26 16:00:00+00:00,0.4
2026-04-26 17:00:00+00:00,0.40049999999999997
2026-04-26 18:00:00+00:00,0.3998
2026-04-26 19:00:00+00:00,0.3997
2026-04-26 20:00:00+00:00,0.4023
2026-04-26 21:00:00+00:00,0.40380000000000005
2026-04-26 22:00:00+00:00,0.40380000000000005
2026-04-26 23:00:00+00:00,0.40340000000000004
2026-04-27 00:00:00+00:00,0.39990000000000003
2026-04-27 01:00:00+00:00,0.4012
2026-04-27 02:00:00+00:00,0.4017
2026-04-27 03:00:00+00:00,0.40340000000000004
2026-04-27 04:00:00+00:00,0.40270000000000006
2026-04-27 05:00:00+00:00,0.4067
2026-04-27 06:00:00+00:00,0.4035
2026-04-27 07:00:00+00:00,0.4007
2026-04-27 08:00:00+00:00,0.4008
2026-04-27 09:00:00+00:00,0.401
2026-04-27 10:00:00+00:00,0.40009999999999996
2026-04-27 11:00:00+00:00,0.40049999999999997
2026-04-27 12:00:00+00:00,0.4043
2026-04-27 13:00:00+00:00,0.40340000000000004
2026-04-27 14:00:00+00:00,0.4021
2026-04-27 15:00:00+00:00,0.4131
2026-04-27 16:00:00+00:00,0.4108
2026-04-27 17:00:00+00:00,0.40880000000000005
2026-04-27 18:00:00+00:00,0.4052
2026-04-27 19:00:00+00:00,0.4103
2026-04-27 20:00:00+00:00,0.40950000000000003
2026-04-27 21:00:00+00:00,0.40979999999999994
2026-04-27 22:00:00+00:00,0.4094
2026-04-27 23:00:00+00:00,0.40619999999999995
2026-04-28 00:00:00+00:00,0.4061
2026-04-28 01:00:00+00:00,0.4107
2026-04-28 02:00:00+00:00,0.4131
2026-04-28 03:00:00+00:00,0.41229999999999994
2026-04-28 04:00:00+00:00,0.409
2026-04-28 05:00:00+00:00,0.4089
2026-04-28 06:00:00+00:00,0.41009999999999996
2026-04-28 07:00:00+00:00,0.4105
2026-04-28 08:00:00+00:00,0.4097
2026-04-28 09:00:00+00:00,0.4105
2026-04-28 10:00:00+00:00,0.4106
2026-04-28 11:00:00+00:00,0.4129
2026-04-28 12:00:00+00:00,0.4127
